feature,shap_importance
SNEEZING,1.8217916420656854
MUSCLE_ACHES,1.742658338777859
TIREDNESS,1.6801483445280472
COUGH,1.659822306899007
LOSS_OF_SMELL,1.634169394258394
FEVER,1.62326630111131
LOSS_OF_TASTE,1.618535888759777
RUNNY_NOSE,1.589615140264622
SORE_THROAT,1.5885173805243233
