feature,mean_importance
TIREDNESS,0.1587176265341846
COUGH,0.1743575069848636
LOSS_OF_TASTE,0.18244175703020254
FEVER,0.1958721926166917
MUSCLE_ACHES,0.19587407946534
RUNNY_NOSE,0.1970057495656094
LOSS_OF_SMELL,0.2077957940454231
SNEEZING,0.21908407044322478
SORE_THROAT,0.22218016466754148
