feature,weight
intercept,-15.006872913953682
COUGH,3.31947596694708
MUSCLE_ACHES,1.741054493366926
TIREDNESS,3.346600238239971
SORE_THROAT,3.1740783298112065
RUNNY_NOSE,3.177131885238479
FEVER,3.247174165984972
LOSS_OF_TASTE,3.2348622096049846
LOSS_OF_SMELL,3.2686155599743882
SNEEZING,1.8220539256886699
