feature,mean_importance
MUSCLE_STIFFNESS,0.03936940508021406
POLYURIA,0.05627005734307945
WEAKNESS,0.06412298934221528
ITCHING,0.09272932534532785
DELAYED_HEALING,0.09739350821507184
SUDDEN_WEIGHT_LOSS,0.19205715704024656
POLYDIPSIA,0.20366595388500577
VISUAL_BLURRING,0.2869303650352121
POLYPHAGIA,0.35369019447490063
PARTIAL_PARESIS,0.3574638916294156
