feature,shap_importance
SORE_THROAT,0.09637641306965725
TIREDNESS,0.07046735116649865
SNEEZING,0.057834212310452195
COUGH,0.0555217760475425
LOSS_OF_TASTE,0.05336998364475844
LOSS_OF_SMELL,0.03626119929360451
PINK_EYE,0.03553387290456905
MUSCLE_ACHES,0.03252477491657612
RUNNY_NOSE,0.028271904866446172
