feature,mean_importance
RUNNY_NOSE,0.016395874592768513
MUSCLE_ACHES,0.01891125607499322
LOSS_OF_SMELL,0.020932387698559374
PINK_EYE,0.023798836296817404
COUGH,0.03089574455087233
LOSS_OF_TASTE,0.0316203042832129
SNEEZING,0.03510823894144148
TIREDNESS,0.04117410309797638
SORE_THROAT,0.05525838645486218
