feature,mean_importance
query_hyperthyroid,-0.0015256361423650194
Age,-0.00017410545172205915
sick,-6.282715897369673e-06
query_hypothyroid,0.001114926178181422
on_thyroxine,0.002482167900286031
TT4,0.004201801148057886
FTI,0.004633891485350891
thyroid_surgery,0.015559589795204632
