feature,mean_importance
MUSCLE_ACHES,0.0
RUNNY_NOSE,0.0
LOSS_OF_SMELL,0.0
PINK_EYE,0.011904411752697231
COUGH,0.015105992833787463
LOSS_OF_TASTE,0.028747439931268416
SNEEZING,0.04279181751431688
TIREDNESS,0.04349431729984247
SORE_THROAT,0.07331187120661622
