feature,shap_importance
SORE_THROAT,0.11549776117112014
TIREDNESS,0.07375199799109584
SNEEZING,0.07017308434906339
LOSS_OF_TASTE,0.0387744501043573
COUGH,0.03255205808801744
PINK_EYE,0.01135425914297634
MUSCLE_ACHES,0.0
RUNNY_NOSE,0.0
LOSS_OF_SMELL,0.0
