feature,mean_importance
COUGH,0.0
MUSCLE_ACHES,0.0
LOSS_OF_TASTE,0.0
SORE_THROAT,0.013353612343891519
FEVER,0.015348248895332617
TIREDNESS,0.02195121358652652
SNEEZING,0.03851778805445818
RUNNY_NOSE,0.0469932705967943
LOSS_OF_SMELL,0.15261663299227293
