feature,shap_importance
SNEEZING,0.12268106480824653
TIREDNESS,0.08135672476654676
LOSS_OF_SMELL,0.04849653796723645
SORE_THROAT,0.042025142758894254
RUNNY_NOSE,0.03981016550447785
FEVER,0.02982534835348291
COUGH,0.0
MUSCLE_ACHES,0.0
LOSS_OF_TASTE,0.0
