feature,mean_importance
POLYURIA,3.3306690738754695e-17
MUSCLE_STIFFNESS,0.005091656322970983
ITCHING,0.005710097786246671
SUDDEN_WEIGHT_LOSS,0.00988488137093918
DELAYED_HEALING,0.01496403971473822
WEAKNESS,0.023678630993567373
VISUAL_BLURRING,0.02841215084085199
POLYDIPSIA,0.12233450250378933
PARTIAL_PARESIS,0.3504896660729072
POLYPHAGIA,0.384301249247573
