feature,shap_importance
PARTIAL_PARESIS,0.19675028555660737
POLYDIPSIA,0.1847995446047519
POLYPHAGIA,0.06654348490913009
WEAKNESS,0.03637612086693453
VISUAL_BLURRING,0.022755325221272358
ITCHING,0.014858627448942414
DELAYED_HEALING,0.013572361685959211
MUSCLE_STIFFNESS,0.010000824855215149
SUDDEN_WEIGHT_LOSS,0.00852323405784825
POLYURIA,0.0
