feature,shap_importance
Alkaline_Phosphotase,3.081996245515499
AGE,0.4263957830721645
Total_Bilirubin,0.26955511558542067
Albumin,0.15393670910424057
Direct_Bilirubin,0.15373298371699523
Total_Protiens,0.13808154328605224
Alamine_Aminotransferase,0.11902806880788419
GENDER,0.07377628130798042
