feature,mean_importance
GENDER,-0.002553926226312314
Alamine_Aminotransferase,-0.0023891564737409526
Albumin,-0.0019105360275289084
Total_Protiens,-0.00011567731887359989
Direct_Bilirubin,0.002788441263416927
AGE,0.020783194853877845
Total_Bilirubin,0.021077075731671842
Alkaline_Phosphotase,1.3464774113502629
