feature,weight
intercept,-1.1362980533583074
AGE,0.47417856382468193
GENDER,-0.21917479191494912
Total_Bilirubin,0.44943514324583195
Direct_Bilirubin,-0.19537020192113305
Alkaline_Phosphotase,5.358736050532738
Alamine_Aminotransferase,0.17093014192351885
Total_Protiens,0.18541118914401988
Albumin,0.19386784378872493
