feature,mean_importance
ALAMINE_AMINOTRANSFERASE,-0.0019501040761650795
DIRECT_BILIRUBIN,-0.0017004533772060598
GENDER,-0.00032061992069680467
ALBUMIN_AND_GLOBULIN_RATIO,-0.0002331691919965767
ALBUMIN,0.0003534132939014445
TOTAL_PROTEINS,0.0012587549795134683
ASPARTATE_AMINOTRANSFERASE,0.010678138066437734
TOTAL_BILIRUBIN,0.01413937190605774
AGE,0.016393554035749946
ALKALINE_PHOSPHOTASE,1.6332266420588049
