feature,weight
intercept,-1.0744975984084686
AGE,0.38142013440402234
GENDER,0.11238219641068745
TOTAL_BILIRUBIN,0.46945770083521304
DIRECT_BILIRUBIN,-0.13312971505422405
ALKALINE_PHOSPHOTASE,5.476200022559953
ALAMINE_AMINOTRANSFERASE,-0.2920304071176008
ASPARTATE_AMINOTRANSFERASE,0.36504004095088843
TOTAL_PROTEINS,0.08408273981699642
ALBUMIN,0.12002931598043831
ALBUMIN_AND_GLOBULIN_RATIO,0.05694687521174606
