feature,shap_importance
ALKALINE_PHOSPHOTASE,3.5255605018204346
AGE,0.33825284724322413
TOTAL_BILIRUBIN,0.2299378625517918
ASPARTATE_AMINOTRANSFERASE,0.13523426862446342
ALAMINE_AMINOTRANSFERASE,0.11762906493631503
ALBUMIN,0.09340419035129235
GENDER,0.09198306539222445
DIRECT_BILIRUBIN,0.076420163691106
TOTAL_PROTEINS,0.06973787794630755
ALBUMIN_AND_GLOBULIN_RATIO,0.03960532359743243
