feature,shap_importance
SNEEZING,0.08577444097977092
COUGH,0.08478128252389645
TIREDNESS,0.06630363374933522
LOSS_OF_SMELL,0.05593680012936658
SORE_THROAT,0.05268206767939534
MUSCLE_ACHES,0.045888174565825474
LOSS_OF_TASTE,0.043987439829258165
RUNNY_NOSE,0.0415122961193687
FEVER,0.03803218145670542
