feature,mean_importance
TIREDNESS,0.020474358183810725
RUNNY_NOSE,0.021399079343168516
FEVER,0.02375181309448606
LOSS_OF_TASTE,0.024368840045463004
MUSCLE_ACHES,0.026212845265792463
SORE_THROAT,0.03252311461727464
LOSS_OF_SMELL,0.034139015719266995
COUGH,0.03495097101978807
SNEEZING,0.044674354994892126
