feature,mean_importance
POLYURIA,-0.007813703312881675
MUSCLE_STIFFNESS,0.01921759452425729
WEAKNESS,0.03374232365014523
SUDDEN_WEIGHT_LOSS,0.035525214650030994
ITCHING,0.03832012980343089
DELAYED_HEALING,0.043512171649030956
VISUAL_BLURRING,0.10288136314208571
POLYDIPSIA,0.1312551799646922
POLYPHAGIA,0.20379917402996833
PARTIAL_PARESIS,0.24504596622611743
