feature,mean_importance
LOSS_OF_TASTE,0.10092551400405911
MUSCLE_ACHES,0.101038127757011
RUNNY_NOSE,0.10825129686758964
TIREDNESS,0.10872831430799738
COUGH,0.11696396665341018
FEVER,0.12625023506336497
SORE_THROAT,0.1303306799588932
LOSS_OF_SMELL,0.13248461555697238
SNEEZING,0.1383725315284505
