feature,mean_importance
ALAMINE_AMINOTRANSFERASE,-0.018018484931569906
ASPARTATE_AMINOTRANSFERASE,-0.004936934277235039
DIRECT_BILIRUBIN,-0.004098311526166376
ALBUMIN,0.00023623270707928966
TOTAL_PROTEINS,0.000280525125513123
GENDER,0.007624865397308831
ALBUMIN_AND_GLOBULIN_RATIO,0.008506731855725803
TOTAL_BILIRUBIN,0.028084251961954222
AGE,0.05648761678594898
ALKALINE_PHOSPHOTASE,3.0102627543540192
