feature,shap_importance
AP_HIGH,5.1898456
WEIGHT,4.4541926
HEIGHT,2.6616747
AGE,2.1952474
AP_LOW,0.06433209
CHOLESTEROL,0.03213116
GENDER,0.02859097
GLUCOSE,0.016569883
SMOKE,0.015636612
ALCOHOL,0.0062742284
