feature,mean_importance
SMOKE,-1.4687094062566797e-05
ALCOHOL,2.8488200712242785e-05
GENDER,9.334191088943567e-05
GLUCOSE,9.707586492628678e-05
CHOLESTEROL,0.00018850165627223996
AP_LOW,0.00039411413910206834
AGE,0.38591501162715075
HEIGHT,0.552196838136682
WEIGHT,1.4460279974671353
AP_HIGH,2.00884211805767
