feature,mean_importance
sick,-6.938893903907228e-18
FTI,-5.551115123125783e-18
Age,-4.163336342344337e-18
query_hypothyroid,-4.163336342344337e-18
TT4,-2.7755575615628915e-18
on_thyroxine,0.00455459281230553
query_hyperthyroid,0.0087643727081191
thyroid_surgery,0.05345731218624448
