feature,shap_importance
AP_HIGH,0.2404984190184321
WEIGHT,0.21924579468156755
HEIGHT,0.0410626585315578
AGE,0.005297066392386358
GENDER,0.0
AP_LOW,0.0
CHOLESTEROL,0.0
GLUCOSE,0.0
SMOKE,0.0
ALCOHOL,0.0
