feature,mean_importance
GENDER,0.0
AP_LOW,0.0
CHOLESTEROL,0.0
GLUCOSE,0.0
SMOKE,0.0
ALCOHOL,0.0
AGE,0.0056052716351430165
HEIGHT,0.06645274011625985
WEIGHT,0.43455687963081224
AP_HIGH,0.5822475177696187
