feature,mean_importance
MUSCLE_ACHES,0.12654317809075288
SORE_THROAT,0.13111482598231142
LOSS_OF_SMELL,0.13228577445031253
RUNNY_NOSE,0.13258164839069161
LOSS_OF_TASTE,0.1335328874024358
SNEEZING,0.1340844997228085
TIREDNESS,0.13425303558466278
COUGH,0.13689619775644712
PINK_EYE,0.13972071932590344
