feature,mean_importance
POLYURIA,0.04404214208714782
MUSCLE_STIFFNESS,0.053537724672819274
ITCHING,0.05697644510531784
DELAYED_HEALING,0.06039552028213506
WEAKNESS,0.06950826439435315
SUDDEN_WEIGHT_LOSS,0.08369239166643322
POLYDIPSIA,0.09565494448910135
VISUAL_BLURRING,0.12821619203679405
PARTIAL_PARESIS,0.19519038450418233
POLYPHAGIA,0.21974731662475336
