feature,shap_importance
PARTIAL_PARESIS,1.6979884793850017
POLYPHAGIA,1.6113203238823148
VISUAL_BLURRING,1.1672378268533117
POLYDIPSIA,1.0700272493057401
SUDDEN_WEIGHT_LOSS,0.9162375744787092
WEAKNESS,0.8988523510252739
MUSCLE_STIFFNESS,0.8137450473425613
POLYURIA,0.7730931278023712
DELAYED_HEALING,0.737991704494244
ITCHING,0.6718999528292492
