feature,weight
intercept,-0.6412615752282128
POLYURIA,0.8926910508906974
POLYDIPSIA,1.1645370898834344
SUDDEN_WEIGHT_LOSS,0.9275360216539021
WEAKNESS,1.0109301791900018
POLYPHAGIA,1.5976194896455176
VISUAL_BLURRING,1.1701582768918797
ITCHING,1.3437999056584984
DELAYED_HEALING,1.4783722838700875
PARTIAL_PARESIS,1.7465272367349074
MUSCLE_STIFFNESS,1.6706841445914573
