feature,shap_importance
on_thyroxine,0.6045812095720247
query_hyperthyroid,0.45622748461086887
thyroid_surgery,0.2902941635344429
Age,0.09990055863508063
query_hypothyroid,0.03830001778807252
FTI,0.02381174913770346
TT4,0.006539679730342808
sick,0.0027355143229249464
