feature,mean_importance
Age,-0.0006713870884416939
TT4,-4.1477230914945676e-05
sick,1.1829589303503224e-05
FTI,2.391951675150411e-05
query_hypothyroid,0.0002184118858306376
on_thyroxine,0.03018085553875325
thyroid_surgery,0.03443319207809714
query_hyperthyroid,0.03619475560489564
