feature,weight
intercept,-6.275302960826634
Age,0.11602870358791448
on_thyroxine,2.247945862788828
query_hypothyroid,-0.2488039323484711
query_hyperthyroid,2.5694876863259393
sick,-0.038351279881534264
thyroid_surgery,2.6245984931507134
TT4,-0.01014725572232811
FTI,-0.03695749959224545
