feature,mean_importance
ALCOHOL,5.652732177940684e-06
GLUCOSE,9.34050880208802e-06
CHOLESTEROL,1.239470315552769e-05
GENDER,2.9884024234512333e-05
AP_LOW,7.805595842919644e-05
SMOKE,0.00027577241112780793
AGE,1.4316591611834117
HEIGHT,1.9478787215989801
WEIGHT,3.82131087423839
AP_HIGH,4.534763877585263
