feature,mean_importance
POLYURIA,0.0
SUDDEN_WEIGHT_LOSS,0.0
WEAKNESS,0.0
MUSCLE_STIFFNESS,0.0
ITCHING,2.2204460492503132e-17
VISUAL_BLURRING,0.02704410553185329
DELAYED_HEALING,0.2957843528654288
PARTIAL_PARESIS,0.3195010938822332
POLYPHAGIA,0.6169327409446981
POLYDIPSIA,1.298765964750786
