feature,shap_importance
POLYDIPSIA,0.23398420037816692
PARTIAL_PARESIS,0.17050630633151362
POLYPHAGIA,0.09655634898659994
DELAYED_HEALING,0.06298235406812769
VISUAL_BLURRING,0.039401749465560305
ITCHING,0.014137793313693598
POLYURIA,0.0
SUDDEN_WEIGHT_LOSS,0.0
WEAKNESS,0.0
MUSCLE_STIFFNESS,0.0
