feature,mean_importance
SORE_THROAT,0.8471538808728617
MUSCLE_ACHES,0.8757040122907302
LOSS_OF_SMELL,0.8873386913505744
TIREDNESS,0.8928608555947288
LOSS_OF_TASTE,0.9041556165381275
COUGH,0.9284878302011503
PINK_EYE,0.9387371044430101
RUNNY_NOSE,0.943404535075252
SNEEZING,0.9820909697570792
