feature,mean_importance
MUSCLE_ACHES,0.345466062948398
TIREDNESS,0.35025589475363655
COUGH,0.4207464921529467
LOSS_OF_TASTE,0.46017394137890877
RUNNY_NOSE,0.47057909688271815
FEVER,0.48890734493883536
LOSS_OF_SMELL,0.49773209414051767
SORE_THROAT,0.5953345578768824
SNEEZING,0.6085424706153365
