feature,mean_importance
Direct_Bilirubin,-0.05644563184028857
Total_Bilirubin,-0.029433799405083626
Albumin,-0.00731606570100356
GENDER,-0.0015173135020973617
Alamine_Aminotransferase,7.204566089292209e-05
AGE,0.009785525572086725
Total_Protiens,0.023785340880709094
Alkaline_Phosphotase,1.9113296707038434
